Key Field,Model ID Number,Model Sub ID,Name of Model,Submodel,Feeder Model,Data Source,Description of the Model,Model Owner,Business Unit,Model Use,Machine Learning,Algorithm,Risk Rank,Direct Inpact on Financial Impact,Frequency,Last Validation Start Date,Validator,Last Validation Report Date,Last Validation Grade,Next Validation Start Date,Propose Next Validator,Last Annual Review Start Date,Next Annual Review Start Date,Proposed Next Annual Reviewer,Model Document Status,Production Status,Contingency Plan,Inventory Date,Implementation Date,Comments
1,1,1-a,Asset Liability Model,Deposit Rate Model,None,Data Warehouse,predict probability,Christoper Gathier,ALCO,Analytical,Yes,Decision Tree,Tier1,No,Quaterly,6/30/2023,MRM,10/13/2023,Satisfactory,6/30/2024,MRM,NA,NA,NA,Complete,In Use,Yes,Prior 2018,Jun-19,making fake data
2,1,1-b,Asset Liability Model,Deposit Attrition Model,None,Data Warehouse,predict probability,Christoper Gathier,ALCO,Analytical,Yes,Random Forest,Tier2,No,Daily ,6/30/2023,MRM,10/13/2023,Satisfactory,6/30/2024,MRM,NA,NA,NA,Complete,In Use,Yes,Prior 2018,Jun-19,making fake data
3,1,1-c,Asset Liability Model,ADCo Mortgage Prepayement Model,None,Data Warehouse,predict probability,Christoper Gathier,ALCO,Analytical,Yes,CNN,Tier3,No,Ongoing,6/30/2023,MRM,10/13/2023,Satisfactory,6/30/2024,MRM,NA,NA,NA,Complete,In Use,Yes,Prior 2018,Jun-19,making fake data
4,1,1-d,Asset Liability Model,Commercial Loan Prepayement Model,None,Data Warehouse,predict probability,Christoper Gathier,ALCO,Analytical,Yes,CNN,Tier1,Yes,Quaterly,6/30/2023,MRM,10/13/2023,Satisfactory,6/30/2024,MRM,NA,NA,NA,Complete,In Use,Yes,Prior 2018,Jun-19,making fake data
5,1,1-e,Asset Liability Model,Yield Curve Construction Model,None,Data Warehouse,predict probability,Christoper Gathier,ALCO,Analytical,Yes,ANN,Tier2,Yes,Daily ,6/30/2023,MRM,10/13/2023,Satisfactory,6/30/2024,MRM,NA,NA,NA,Complete,In Use,Yes,Prior 2018,Jun-19,making fake data
6,1,1-f,Asset Liability Model,Net Interest Income Forcastung Model,None,Data Warehouse,predict probability,Christoper Gathier,ALCO,Analytical,Yes,Logistic Regression,Tier2,Yes,Ongoing,6/30/2023,MRM,10/13/2023,Satisfactory,6/30/2024,MRM,NA,NA,NA,Complete,In Use,Yes,Prior 2018,Jun-19,making fake data
7,1,1-g,Asset Liability Model,Economic Value of equity (EVE) Model,None,Data Warehouse,predict probability,Christoper Gathier,ALCO,Analytical,Yes,Logistic Regression,Tier3,No,Quaterly,6/30/2023,MRM,10/13/2023,Satisfactory,6/30/2024,MRM,NA,NA,NA,Complete,In Use,Yes,Prior 2018,Jun-19,making fake data
8,1,1-h,Asset Liability Model,efolio/Yield Book,Yield Book ,Data Warehouse,predict probability,Christoper Gathier,ALCO,Analytical,Yes,Logistic Regression,Tier3,No,Daily ,6/30/2023,MRM,10/13/2023,Satisfactory,6/30/2024,MRM,NA,NA,NA,Complete,In Use,Yes,Prior 2018,Jun-19,making fake data
9,2,2-a,CECL Model,Sub_Model1,Mody's Econometric Model,Data Warehouse,predict probability,Francis Deschamps,Financial,Financial/Analytical,No,Multiple Linear Regression,Tier1,No,Ongoing,12/5/2022,Consulting,2/21/2023,Satisfactory,12/5/2022,GroupGT,NA,NA,NA,Complete,In Use,No,Prior 2021,1/1/2020,making fake data
10,2,2-b,CECL Model,Sub_Model2,Mody's Econometric Model,Data Warehouse,predict probability,Francis Deschamps,Financial,Financial/Analytical,No,Multiple Linear Regression,Tier1,Yes,Quaterly,12/5/2022,Consulting,2/21/2023,Satisfactory,12/5/2022,GroupGT,NA,NA,NA,Complete,In Use,No,Prior 2021,1/1/2020,making fake data
11,2,2-c,CECL Model,Sub_Model3,Mody's Econometric Model,Data Warehouse,predict probability,Francis Deschamps,Financial,Financial/Analytical,No,Multiple Linear Regression,Tier1,Yes,Daily ,12/5/2022,Consulting,2/21/2023,Satisfactory,12/5/2022,GroupGT,NA,NA,NA,Complete,In Use,No,Prior 2021,1/1/2020,making fake data
12,2,2-d,CECL Model,Sub_Model4,Mody's Econometric Model,Data Warehouse,predict probability,Francis Deschamps,Financial,Financial/Analytical,No,Multiple Linear Regression,Tier1,Yes,Ongoing,12/5/2022,Consulting,2/21/2023,Satisfactory,12/5/2022,GroupGT,NA,NA,NA,Complete,In Use,No,Prior 2021,1/1/2020,making fake data
13,2,2-e,CECL Model,Sub_Model5,Mody's Econometric Model,Data Warehouse,predict probability,Francis Deschamps,Financial,Financial/Analytical,No,Multiple Linear Regression,Tier1,No,Quaterly,12/5/2022,Consulting,2/21/2023,Satisfactory,12/5/2022,GroupGT,NA,NA,NA,Complete,In Use,No,Prior 2021,1/1/2020,making fake data
14,2,2-f,CECL Model,Sub_Model6,Mody's Econometric Model,Data Warehouse,predict probability,Francis Deschamps,Financial,Financial/Analytical,No,Multiple Linear Regression,Tier1,No,Daily ,12/5/2022,Consulting,2/21/2023,Satisfactory,12/5/2022,GroupGT,NA,NA,NA,Complete,In Use,No,Prior 2021,1/1/2020,making fake data
15,2,2-g,CECL Model,Sub_Model7,Mody's Econometric Model,Data Warehouse,predict probability,Francis Deschamps,Financial,Financial/Analytical,No,Multiple Linear Regression,Tier1,No,Ongoing,12/5/2022,Consulting,2/21/2023,Satisfactory,12/5/2022,GroupGT,NA,NA,NA,Complete,In Use,No,Prior 2021,1/1/2020,making fake data
16,2,2-h,CECL Model,Sub_Model8,Mody's Econometric Model,Data Warehouse,predict probability,Francis Deschamps,Financial,Financial/Analytical,No,Multiple Linear Regression,Tier1,Yes,Quaterly,12/5/2022,Consulting,2/21/2023,Satisfactory,12/5/2022,GroupGT,NA,NA,NA,Complete,In Use,No,Prior 2021,1/1/2020,making fake data
17,2,2-i,CECL Model,Sub_Model9,Mody's Econometric Model,Data Warehouse,predict probability,Francis Deschamps,Financial,Financial/Analytical,No,Multiple Linear Regression,Tier1,Yes,Daily ,12/5/2022,Consulting,2/21/2023,Satisfactory,12/5/2022,GroupGT,NA,NA,NA,Complete,In Use,No,Prior 2021,1/1/2020,making fake data
18,2,2-j,CECL Model,Sub_Model10,Mody's Econometric Model,Data Warehouse,predict probability,Francis Deschamps,Financial,Financial/Analytical,No,Multiple Linear Regression,Tier1,Yes,Ongoing,12/5/2022,Consulting,2/21/2023,Satisfactory,12/5/2022,GroupGT,NA,NA,NA,Complete,In Use,No,Prior 2021,1/1/2020,making fake data
19,2,2-k,CECL Model,Sub_Model11,Mody's Econometric Model,Data Warehouse,predict probability,Francis Deschamps,Financial,Financial/Analytical,No,Multiple Linear Regression,Tier1,No,Quaterly,12/5/2022,Consulting,2/21/2023,Satisfactory,12/5/2022,GroupGT,NA,NA,NA,Complete,In Use,No,Prior 2021,1/1/2020,making fake data
20,2,2-m,CECL Model,Sub_Model12,Mody's Econometric Model,Data Warehouse,predict probability,Francis Deschamps,Financial,Financial/Analytical,No,Multiple Linear Regression,Tier1,No,Daily ,12/5/2022,Consulting,2/21/2023,Satisfactory,12/5/2022,GroupGT,NA,NA,NA,Complete,In Use,No,Prior 2021,1/1/2020,making fake data
21,2,2-n,CECL Model,Sub_Model13,Mody's Econometric Model,Data Warehouse,predict probability,Francis Deschamps,Financial,Financial/Analytical,No,Multiple Linear Regression,Tier1,No,Ongoing,12/5/2022,Consulting,2/21/2023,Satisfactory,12/5/2022,GroupGT,NA,NA,NA,Complete,In Use,No,Prior 2021,1/1/2020,making fake data
22,2,2-o,CECL Model,Sub_Model14,Mody's Econometric Model,Data Warehouse,predict probability,Francis Deschamps,Financial,Financial/Analytical,No,Multiple Linear Regression,Tier1,Yes,Quaterly,12/5/2022,Consulting,2/21/2023,Satisfactory,12/5/2022,GroupGT,NA,NA,NA,Complete,In Use,No,Prior 2021,1/1/2020,making fake data
23,2,2-p,CECL Model,Sub_Model15,Mody's Econometric Model,Data Warehouse,predict probability,Francis Deschamps,Financial,Financial/Analytical,No,Multiple Linear Regression,Tier1,Yes,Daily ,12/5/2022,Consulting,2/21/2023,Satisfactory,12/5/2022,GroupGT,NA,NA,NA,Complete,In Use,No,Prior 2021,1/1/2020,making fake data
24,2,2-q,CECL Model,Sub_Model16,Mody's Econometric Model,Data Warehouse,predict probability,Francis Deschamps,Financial,Financial/Analytical,No,Multiple Linear Regression,Tier1,Yes,Ongoing,12/5/2022,Consulting,2/21/2023,Satisfactory,12/5/2022,GroupGT,NA,NA,NA,Complete,In Use,No,Prior 2021,1/1/2020,making fake data
25,2,2-r,CECL Model,Sub_Model17,Mody's Econometric Model,Data Warehouse,predict probability,Francis Deschamps,Financial,Financial/Analytical,No,Multiple Linear Regression,Tier1,No,Quaterly,12/5/2022,Consulting,2/21/2023,Satisfactory,12/5/2022,GroupGT,NA,NA,NA,Complete,In Use,No,Prior 2021,1/1/2020,making fake data
26,2,2-s,CECL Model,Sub_Model18,Mody's Econometric Model,Data Warehouse,predict probability,Francis Deschamps,Financial,Financial/Analytical,No,Multiple Linear Regression,Tier1,No,Daily ,12/5/2022,Consulting,2/21/2023,Satisfactory,12/5/2022,GroupGT,NA,NA,NA,Complete,In Use,No,Prior 2021,1/1/2020,making fake data
27,2,2-t,CECL Model,Sub_Model19,Mody's Econometric Model,Data Warehouse,predict probability,Francis Deschamps,Financial,Financial/Analytical,No,Multiple Linear Regression,Tier1,No,Ongoing,12/5/2022,Consulting,2/21/2023,Satisfactory,12/5/2022,GroupGT,NA,NA,NA,Complete,In Use,No,Prior 2021,1/1/2020,making fake data
28,2,2-u,CECL Model,Sub_Model20,Mody's Econometric Model,Data Warehouse,predict probability,Francis Deschamps,Financial,Financial/Analytical,No,Multiple Linear Regression,Tier1,Yes,Quaterly,12/5/2022,Consulting,2/21/2023,Satisfactory,12/5/2022,GroupGT,NA,NA,NA,Complete,In Use,No,Prior 2021,1/1/2020,making fake data
29,2,2-v,CECL Model,Sub_Model21,Mody's Econometric Model,Data Warehouse,predict probability,Francis Deschamps,Financial,Financial/Analytical,No,Multiple Linear Regression,Tier1,Yes,Daily ,12/5/2022,Consulting,2/21/2023,Satisfactory,12/5/2022,GroupGT,NA,NA,NA,Complete,In Use,No,Prior 2021,1/1/2020,making fake data
30,2,1-a,Model1,Sub_Model1,None,Data Warehouse,predict probability,Jean,ALCO,Analytical,Yes,Decision Tree,Tier1,No,Quaterly,6/30/2023,MRM,10/13/2023,Satisfactory,6/30/2024,MRM,NA,NA,NA,Complete,In Use,Yes,Prior 2018,Jun-19,making fake data
30,2,1-b,Model1,Sub_Model2,None,Data Warehouse,predict probability,Jean,ALCO,Analytical,Yes,Random Forest,Tier1,No,Daily ,6/30/2023,MRM,10/13/2023,Satisfactory,6/30/2024,MRM,NA,NA,NA,Complete,In Use,Yes,Prior 2018,Jun-19,making fake data
30,2,1-c,Model1,Sub_Model3,None,Data Warehouse,predict probability,Jean,ALCO,Analytical,Yes,CNN,Tier1,No,Ongoing,6/30/2023,MRM,10/13/2023,Satisfactory,6/30/2024,MRM,NA,NA,NA,Complete,In Use,Yes,Prior 2018,Jun-19,making fake data
30,2,1-d,Model1,Sub_Model4,None,Data Warehouse,predict probability,Jean,ALCO,Analytical,Yes,CNN,Tier1,Yes,Quaterly,6/30/2023,MRM,10/13/2023,Satisfactory,6/30/2024,MRM,NA,NA,NA,Complete,In Use,Yes,Prior 2018,Jun-19,making fake data
30,2,1-e,Model1,Sub_Model5,None,Data Warehouse,predict probability,Jean,ALCO,Analytical,Yes,ANN,Tier1,Yes,Daily ,6/30/2023,MRM,10/13/2023,Satisfactory,6/30/2024,MRM,NA,NA,NA,Complete,In Use,Yes,Prior 2018,Jun-19,making fake data
30,2,1-f,Model1,Sub_Model6,None,Data Warehouse,predict probability,Jean,ALCO,Analytical,Yes,Logistic Regression,Tier1,Yes,Ongoing,6/30/2023,MRM,10/13/2023,Satisfactory,6/30/2024,MRM,NA,NA,NA,Complete,In Use,Yes,Prior 2018,Jun-19,making fake data
30,2,1-g,Model1,Sub_Model7,None,Data Warehouse,predict probability,Jean,ALCO,Analytical,Yes,Logistic Regression,Tier1,No,Quaterly,6/30/2023,MRM,10/13/2023,Satisfactory,6/30/2024,MRM,NA,NA,NA,Complete,In Use,Yes,Prior 2018,Jun-19,making fake data
30,2,1-h,Model1,Sub_Model8,Yield Book ,Data Warehouse,predict probability,Jean,ALCO,Analytical,Yes,Logistic Regression,Tier1,No,Daily ,6/30/2023,MRM,10/13/2023,Satisfactory,6/30/2024,MRM,NA,NA,NA,Complete,In Use,Yes,Prior 2018,Jun-19,making fake data
30,3,2-a,Model2,Sub_Model1,Mody's Econometric Model,Data Warehouse,predict probability,Merlin,Financial,Financial/Analytical,Yes,Multiple Linear Regression,Tier2,No,Ongoing,12/5/2022,Consulting,2/21/2023,Satisfactory,12/5/2022,GroupGT,NA,NA,NA,Complete,In Use,No,Prior 2021,1/1/2020,making fake data
30,3,2-b,Model2,Sub_Model2,Mody's Econometric Model,Data Warehouse,predict probability,Merlin,Financial,Financial/Analytical,Yes,Multiple Linear Regression,Tier2,Yes,Quaterly,12/5/2022,Consulting,2/21/2023,Satisfactory,12/5/2022,GroupGT,NA,NA,NA,Complete,In Use,No,Prior 2021,1/1/2020,making fake data
30,3,2-c,Model2,Sub_Model3,Mody's Econometric Model,Data Warehouse,predict probability,Merlin,Financial,Financial/Analytical,Yes,Multiple Linear Regression,Tier2,Yes,Daily ,12/5/2022,Consulting,2/21/2023,Satisfactory,12/5/2022,GroupGT,NA,NA,NA,Complete,In Use,No,Prior 2021,1/1/2020,making fake data
30,3,2-d,Model2,Sub_Model4,Mody's Econometric Model,Data Warehouse,predict probability,Merlin,Financial,Financial/Analytical,Yes,Multiple Linear Regression,Tier2,Yes,Ongoing,12/5/2022,Consulting,2/21/2023,Satisfactory,12/5/2022,GroupGT,NA,NA,NA,Complete,In Use,No,Prior 2021,1/1/2020,making fake data
30,4,2-e,Model4,Sub_Model5,Mody's Econometric Model,Data Warehouse,predict probability,Francis Deschamps,Financial,Financial/Analytical,Yes,Multiple Linear Regression,Tier3,No,Quaterly,12/5/2022,Consulting,2/21/2023,Satisfactory,12/5/2022,GroupGT,NA,NA,NA,Complete,In Use,No,Prior 2021,1/1/2020,making fake data
30,4,2-f,Model4,Sub_Model6,Mody's Econometric Model,Data Warehouse,predict probability,Francis Deschamps,Financial,Financial/Analytical,Yes,Multiple Linear Regression,Tier3,No,Daily ,12/5/2022,Consulting,2/21/2023,Satisfactory,12/5/2022,GroupGT,NA,NA,NA,Complete,In Use,No,Prior 2021,1/1/2020,making fake data
30,4,2-g,Model4,Sub_Model7,Mody's Econometric Model,Data Warehouse,predict probability,Francis Deschamps,Financial,Financial/Analytical,Yes,Multiple Linear Regression,Tier3,No,Ongoing,12/5/2022,Consulting,2/21/2023,Satisfactory,12/5/2022,GroupGT,NA,NA,NA,Complete,In Use,No,Prior 2021,1/1/2020,making fake data
30,4,2-h,Model4,Sub_Model8,Mody's Econometric Model,Data Warehouse,predict probability,Francis Deschamps,Financial,Financial/Analytical,Yes,Multiple Linear Regression,Tier3,Yes,Quaterly,12/5/2022,Consulting,2/21/2023,Satisfactory,12/5/2022,GroupGT,NA,NA,NA,Complete,In Use,No,Prior 2021,1/1/2020,making fake data
30,5,2-i,Model5,Sub_Model1,Mody's Econometric Model,Data Warehouse,predict probability,Powel,Financial,Financial/Analytical,No,Multiple Linear Regression,Tier3,Yes,Daily ,12/5/2022,Consulting,2/21/2023,Satisfactory,12/5/2022,GroupGT,NA,NA,NA,Complete,In Use,No,Prior 2021,1/1/2020,making fake data
30,5,2-j,Model5,Sub_Model2,Mody's Econometric Model,Data Warehouse,predict probability,Powel,Financial,Financial/Analytical,No,Multiple Linear Regression,Tier3,Yes,Ongoing,12/5/2022,Consulting,2/21/2023,Satisfactory,12/5/2022,GroupGT,NA,NA,NA,Complete,In Use,No,Prior 2021,1/1/2020,making fake data
30,5,2-k,Model5,Sub_Model3,Mody's Econometric Model,Data Warehouse,predict probability,Powel,Financial,Financial/Analytical,No,Multiple Linear Regression,Tier3,No,Quaterly,12/5/2022,Consulting,2/21/2023,Satisfactory,12/5/2022,GroupGT,NA,NA,NA,Complete,In Use,No,Prior 2021,1/1/2020,making fake data
30,6,2-m,Model6,Sub_Model1,Mody's Econometric Model,Data Warehouse,predict probability,Francis Deschamps,Financial,Financial/Analytical,No,Multiple Linear Regression,Tier1,No,Daily ,12/5/2022,Consulting,2/21/2023,Satisfactory,12/5/2022,GroupGT,NA,NA,NA,Complete,In Use,No,Prior 2021,1/1/2020,making fake data
30,6,2-n,Model6,Sub_Model2,Mody's Econometric Model,Data Warehouse,predict probability,Francis Deschamps,Financial,Financial/Analytical,No,Multiple Linear Regression,Tier1,No,Ongoing,12/5/2022,Consulting,2/21/2023,Satisfactory,12/5/2022,GroupGT,NA,NA,NA,Complete,In Use,No,Prior 2021,1/1/2020,making fake data
30,6,2-o,Model6,Sub_Model3,Mody's Econometric Model,Data Warehouse,predict probability,Francis Deschamps,Financial,Financial/Analytical,No,Multiple Linear Regression,Tier1,Yes,Quaterly,12/5/2022,Consulting,2/21/2023,Satisfactory,12/5/2022,GroupGT,NA,NA,NA,Complete,In Use,No,Prior 2021,1/1/2020,making fake data
30,6,2-p,Model6,Sub_Model4,Mody's Econometric Model,Data Warehouse,predict probability,Francis Deschamps,Financial,Financial/Analytical,No,Multiple Linear Regression,Tier1,Yes,Daily ,12/5/2022,Consulting,2/21/2023,Satisfactory,12/5/2022,GroupGT,NA,NA,NA,Complete,In Use,No,Prior 2021,1/1/2020,making fake data
30,7,2-q,Model7,Sub_Model1,Mody's Econometric Model,Data Warehouse,predict probability,Francis Deschamps,Financial,Financial/Analytical,No,Multiple Linear Regression,Tier2,Yes,Ongoing,12/5/2022,Consulting,2/21/2023,Satisfactory,12/5/2022,GroupGT,NA,NA,NA,Complete,In Use,No,Prior 2021,1/1/2020,making fake data
30,7,2-r,Model7,Sub_Model2,Mody's Econometric Model,Data Warehouse,predict probability,Francis Deschamps,Financial,Financial/Analytical,No,Multiple Linear Regression,Tier2,No,Quaterly,12/5/2022,Consulting,2/21/2023,Satisfactory,12/5/2022,GroupGT,NA,NA,NA,Complete,In Use,No,Prior 2021,1/1/2020,making fake data
30,7,2-s,Model7,Sub_Model3,Mody's Econometric Model,Data Warehouse,predict probability,Francis Deschamps,Financial,Financial/Analytical,No,Multiple Linear Regression,Tier2,No,Daily ,12/5/2022,Consulting,2/21/2023,Satisfactory,12/5/2022,GroupGT,NA,NA,NA,Complete,In Use,No,Prior 2021,1/1/2020,making fake data
30,7,2-t,Model7,Sub_Model4,Mody's Econometric Model,Data Warehouse,predict probability,Francis Deschamps,Financial,Financial/Analytical,No,Multiple Linear Regression,Tier2,No,Ongoing,12/5/2022,Consulting,2/21/2023,Satisfactory,12/5/2022,GroupGT,NA,NA,NA,Complete,In Use,No,Prior 2021,1/1/2020,making fake data
30,8,2-u,Model8,Sub_Model1,Mody's Econometric Model,Data Warehouse,predict probability,Merlin,Financial,Financial/Analytical,Yes,Multiple Linear Regression,Tier1,Yes,Quaterly,12/5/2022,Consulting,2/21/2023,Satisfactory,12/5/2022,GroupGT,NA,NA,NA,Complete,In Use,No,Prior 2021,1/1/2020,making fake data
30,8,2-v,Model8,Sub_Model2,Mody's Econometric Model,Data Warehouse,predict probability,Merlin,Financial,Financial/Analytical,Yes,Multiple Linear Regression,Tier1,Yes,Daily ,12/5/2022,Consulting,2/21/2023,Satisfactory,12/5/2022,GroupGT,NA,NA,NA,Complete,In Use,No,Prior 2021,1/1/2020,making fake data
30,8,2-v,Model8,Sub_Model3,None,Data Warehouse,predict probability,Merlin,Financial,Financial/Analytical,Yes,Logistic Regression,Tier1,Yes,Quaterly,4/20/2023,MRM,5/20/2023,Satisfactory,4/20/2025,MRM,NA,NA,NA,Complete,In Use,No,Prior 2021,2/1/2023,making fake data
